Article_ID,Title,Category,Tags,Content
1,AI in Healthcare,Technology,"AI, Healthcare, Innovation",Artificial Intelligence is transforming healthcare by enabling faster diagnoses and personalized treatment.
2,The Future of Electric Cars,Automobile,"EV, Cars, Technology",Electric vehicles are becoming more popular as technology improves and charging infrastructure expands.
3,Benefits of Yoga,Health,"Yoga, Wellness, Exercise","Yoga helps improve flexibility, reduce stress, and promote overall well-being."
4,Blockchain Beyond Bitcoin,Finance,"Blockchain, Cryptocurrency, Security","Blockchain technology has applications beyond cryptocurrencies, including supply chain management and voting systems."
5,SpaceX's Mars Mission,Science,"SpaceX, Mars, Space Exploration","SpaceX aims to colonize Mars, making human life multi-planetary."
6,The Rise of Remote Work,Business,"Remote Work, Productivity, Future of Work","Remote work is reshaping industries, offering flexibility but also presenting challenges in collaboration."
7,Quantum Computing Explained,Technology,"Quantum Computing, Future Tech, Science",Quantum computers have the potential to solve problems that are currently impossible for classical computers.
8,Mental Health Awareness,Health,"Mental Health, Well-being, Psychology",Raising awareness about mental health is crucial to reducing stigma and improving support systems.
9,Renewable Energy Sources,Environment,"Renewable Energy, Climate Change, Sustainability","Solar, wind, and hydro power are leading the shift towards sustainable energy solutions."
10,The Power of Habit,Self-Improvement,"Habits, Productivity, Psychology",Understanding how habits form can help us create positive behavioral changes.
11,AI in Education,Technology,"AI, Education, Innovation","Artificial Intelligence is revolutionizing education by personalizing learning experiences and automating administrative tasks."
12,The Evolution of Smart Homes,Technology,"Smart Homes, IoT, Innovation","Smart home technology is making homes more efficient, secure, and convenient through connected devices."
14,Cybersecurity in 2023,Technology,"Cybersecurity, Data Protection, Technology","As cyber threats evolve, businesses and individuals must adopt advanced security measures to protect sensitive data."
15,The Role of Robotics in Manufacturing,Technology,"Robotics, Manufacturing, Automation","Robots are transforming manufacturing by increasing efficiency, precision, and safety in production processes."
16,The Ethics of AI,Technology,"AI, Ethics, Innovation","As AI advances, ethical considerations around bias, privacy, and accountability become increasingly important."
17,The Future of Wearable Tech,Technology,"Wearable Tech, Health, Innovation","Wearable devices are becoming more sophisticated, offering insights into health, fitness, and daily activities."
18,The Rise of Fintech,Finance,"Fintech, Banking, Innovation","Financial technology is disrupting traditional banking by offering faster, more accessible, and user-friendly services."
19,The Importance of Data Privacy,Technology,"Data Privacy, Security, Technology","Protecting personal data is critical in an era where information is increasingly digital and interconnected."
20,The Future of Autonomous Vehicles,Automobile,"Autonomous Vehicles, Technology, Innovation","Self-driving cars are poised to transform transportation, offering safer and more efficient travel options."
21,The Role of Drones in Modern Society,Technology,"Drones, Innovation, Technology","Drones are being used in various industries, from agriculture to delivery services, revolutionizing traditional practices."
22,The Future of Work: AI and Automation,Business,"AI, Automation, Future of Work","AI and automation are reshaping the workforce, creating new opportunities while displacing certain jobs."
23,The Benefits of Meditation,Health,"Meditation, Wellness, Mental Health","Meditation can reduce stress, improve focus, and enhance overall mental well-being."
24,The Science of Sleep,Health,"Sleep, Wellness, Health","Understanding the science of sleep can help improve sleep quality and overall health."
25,The Rise of Plant-Based Diets,Health,"Plant-Based Diets, Nutrition, Sustainability","Plant-based diets are gaining popularity for their health benefits and environmental impact."
26,The Future of Personalized Medicine,Health,"Personalized Medicine, Healthcare, Innovation","Advances in genomics and AI are enabling more personalized and effective medical treatments."
27,The Impact of Climate Change on Health,Environment,"Climate Change, Health, Sustainability","Climate change is affecting public health through extreme weather, air quality, and the spread of diseases."
28,The Role of Big Data in Healthcare,Technology,"Big Data, Healthcare, Innovation","Big data is enabling better patient outcomes by providing insights into disease patterns and treatment effectiveness."
29,The Future of Renewable Energy Storage,Environment,"Renewable Energy, Energy Storage, Sustainability","Innovations in energy storage are critical to maximizing the potential of renewable energy sources."
30,The Psychology of Decision-Making,Psychology,"Decision-Making, Psychology, Behavior","Understanding the psychology behind decision-making can help improve choices in personal and professional life."
31,The Rise of E-Learning,Education,"E-Learning, Education, Technology","Online learning platforms are making education more accessible and flexible for students worldwide."
32,The Future of Space Tourism,Science,"Space Tourism, Space Exploration, Innovation","Space tourism is becoming a reality, offering civilians the chance to experience space travel."
33,The Role of AI in Creative Industries,Technology,"AI, Creativity, Innovation","AI is being used in creative fields like music, art, and writing, challenging traditional notions of creativity."
34,The Impact of Social Media on Mental Health,Health,"Social Media, Mental Health, Psychology","Excessive social media use can negatively impact mental health, leading to anxiety, depression, and loneliness."
35,The Future of Biodegradable Plastics,Environment,"Biodegradable Plastics, Sustainability, Innovation","Biodegradable plastics offer a potential solution to the global plastic waste crisis."
36,The Role of AI in Climate Change Solutions,Environment,"AI, Climate Change, Sustainability","AI is being used to develop innovative solutions to combat climate change, from energy optimization to disaster prediction."
37,The Benefits of Intermittent Fasting,Health,"Intermittent Fasting, Nutrition, Wellness","Intermittent fasting can improve metabolic health, aid weight loss, and promote longevity."
38,The Future of Virtual Reality,Technology,"Virtual Reality, Innovation, Technology","Virtual reality is transforming industries like gaming, education, and healthcare with immersive experiences."
39,The Role of AI in Customer Service,Technology,"AI, Customer Service, Innovation","AI-powered chatbots and virtual assistants are improving customer service efficiency and satisfaction."
40,The Rise of Smart Cities,Environment,"Smart Cities, Sustainability, Innovation","Smart cities use technology to improve urban living, from traffic management to energy efficiency."
41,The Future of 3D Printing,Technology,"3D Printing, Innovation, Manufacturing","3D printing is revolutionizing industries by enabling rapid prototyping and customized production."
42,The Role of AI in Agriculture,Technology,"AI, Agriculture, Innovation","AI is helping farmers optimize crop yields, reduce waste, and improve sustainability."
43,The Impact of Automation on Jobs,Business,"Automation, Jobs, Future of Work","Automation is changing the job landscape, creating new roles while rendering others obsolete."
44,The Benefits of Green Spaces,Environment,"Green Spaces, Health, Sustainability","Access to green spaces can improve mental and physical health, as well as enhance community well-being."
45,The Future of Water Conservation,Environment,"Water Conservation, Sustainability, Innovation","Innovative technologies are being developed to address global water scarcity and improve conservation efforts."
46,The Role of AI in Disaster Response,Technology,"AI, Disaster Response, Innovation","AI is being used to predict and respond to natural disasters, saving lives and reducing damage."
47,The Rise of Circular Economy,Environment,"Circular Economy, Sustainability, Innovation","The circular economy model aims to reduce waste and promote sustainable resource use."
48,The Future of AI in Retail,Technology,"AI, Retail, Innovation","AI is transforming the retail industry with personalized shopping experiences and inventory management."
49,The Role of AI in Transportation,Technology,"AI, Transportation, Innovation","AI is improving transportation systems through traffic optimization, autonomous vehicles, and predictive maintenance."
50,The Impact of AI on Entertainment,Technology,"AI, Entertainment, Innovation","AI is revolutionizing the entertainment industry with personalized content recommendations and creative tools."
51,The Future of AI in Finance,Finance,"AI, Finance, Innovation","AI is reshaping finance through fraud detection, algorithmic trading, and personalized financial advice."
52,The Role of AI in Law,Technology,"AI, Law, Innovation","AI is being used in legal research, contract analysis, and predicting case outcomes."
53,The Future of AI in Marketing,Technology,"AI, Marketing, Innovation","AI is enabling more targeted and effective marketing campaigns through data analysis and automation."
54,The Role of AI in Real Estate,Technology,"AI, Real Estate, Innovation","AI is transforming real estate with property valuation, market analysis, and virtual property tours."
55,The Future of AI in Logistics,Technology,"AI, Logistics, Innovation","AI is optimizing supply chains, improving delivery efficiency, and reducing costs in logistics."
56,The Role of AI in Energy,Technology,"AI, Energy, Innovation","AI is being used to optimize energy consumption, predict demand, and improve grid management."
57,The Future of AI in Education,Technology,"AI, Education, Innovation","AI is personalizing learning experiences, automating administrative tasks, and improving educational outcomes."
58,The Role of AI in Healthcare Diagnostics,Technology,"AI, Healthcare, Diagnostics","AI is improving diagnostic accuracy and speed, leading to better patient outcomes."
59,The Future of AI in Mental Health,Health,"AI, Mental Health, Innovation","AI is being used to provide mental health support through chatbots, therapy apps, and data analysis."
60,The Role of AI in Environmental Monitoring,Environment,"AI, Environmental Monitoring, Innovation","AI is helping monitor environmental changes, from deforestation to air quality, in real-time."